{
  "mae": 4.564916610717773,
  "rmse": 5.705776691436768,
  "r2": 0.8184458017349243
}