{
  "mean": [
    30.71925926208496,
    41.8316650390625,
    21.94236183166504,
    96.69011688232422,
    0.47490763664245605,
    6.533085346221924,
    7.917953014373779
  ],
  "std": [
    7.845674514770508,
    19.05811309814453,
    9.593764305114746,
    44.35489273071289,
    0.22068217396736145,
    4.546323776245117,
    3.6956825256347656
  ],
  "feature_columns": [
    "temperature_c",
    "humidity_percent",
    "wind_speed_kmh",
    "air_quality_index",
    "vegetation_index",
    "distance_to_station_km",
    "response_time_min"
  ]
}